{"LATITUDE": [43.855445, 43.589678], "LONGITUDE": [-79.122974, -79.63467]}